"variable","n_obs","n_not_na","n_na","frac_na","n_zeros","frac_zeros","mean","sd","skewness","min","max","p10","p20","p30","p40","p50","p60","p70","p80","p90","p99","p999","p9999"
"YEAR",43418930,43418930,0,0,0,0,2006.5405,5.0429,-0.1485,2000,2014,2000,2000,2000,2006,2007,2009,2010,2012,2013,2014,2014,2014
"SAMPLE",43418930,43418930,0,0,0,0,200655.0493,504.2879,-0.1485,200001,201401,200001,200001,200001,200601,200701,200901,201001,201201,201301,201401,201401,201401
"SERIAL",43418930,43418930,0,0,0,0,1453323.606,1544023.7682,1.5986,1,6184437,171386,372093,552543,732382,908072,1091563,1266517,2339442.2,4269995.1,5986094,6164437,6182301.1071
"CBSERIAL",43418930,29670998,13747932,0.3166,0,0,710252.2353,412247.3655,0.0271,1,1502034,141656,283264,425016,566711,708349,850032,991476,1133022,1276252,1460917,1494288,1500848
"NUMPREC",43418930,43418930,0,0,0,0,3.2712,1.7633,1.239,1,54,1,2,2,2,3,4,4,5,5,9,12,17
"SUBSAMP",43418930,43418930,0,0,434787,0.01,49.5058,28.868,-3e-04,0,99,9,20,30,40,50,60,70,80,90,99,99,99
"HHWT",43418930,43418930,0,0,531,0,72.2375,69.6732,2.8752,0,2414,15,21,26,39,59,71,85,103,148,336,563,935
"HHTYPE",43418930,43418930,0,0,1372013,0.0316,2.234,2.2619,1.8137,0,9,1,1,1,1,1,1,3,3,6,9,9,9
"CLUSTER",43418930,43418930,0,0,0,0,2006555026174.25,5032940887.9287,-0.1463,2000000000011,2014013607431,2000020221360,2000039551931,2000058578728,2006003890561,2007010567216,2009003602621,2010010068371,2012001905791,2013007930952,2014011759811,2014013412581.71,2014013588131
"REGION",43418930,43418930,0,0,0,0,27.681,10.256,-0.1981,11,42,12,21,21,22,31,31,33,41,42,42,42,42
"STATEFIP",43418930,43418930,0,0,0,0,27.9945,15.8248,-0.0348,1,55,6,12,17,23,28,36,39,45,48,55,55,55
"COUNTYFIP",43418930,43418930,0,0,18523655,0.4266,44.5172,80.7449,4.5157,0,810,0,0,0,0,11,31,53,81,113,479,810,810
"PUMA",43418930,43418930,0,0,0,0,2780.5047,4847.5132,8.6797,100,77777,301,608,1002,1400,1901,2400,3106,3806,5400,11612,59303,77777
"MET2013",43418930,43418930,0,0,11772845,0.2711,22494.3851,16552.1107,-0.1736,0,49740,0,0,12100,16980,25860,31080,35620,38860,41940,49180,49700,49740
"MET2013ERR",43418930,43418930,0,0,11772845,0.2711,1.9819,1.9059,0.705,0,6,0,0,1,1,1,2,3,4,5,6,6,6
"METPOP10",43418930,43418930,0,0,0,0,3417958.0995,5156652.057,2.0474,6820,19567410,47823,109401,244185,526810,988938,2077240,3439809,5564635,12828837,19567410,19567410,19567410
"STRATA",43418930,43418930,0,0,0,0,206872.5349,493275.0571,8.6142,4,7777722,60,68,120,40038,90212,150039,230009,330018,440606,1161253,5930351,7777722
"GQ",43418930,43418930,0,0,0,0,1.0799,0.4431,5.6417,1,5,1,1,1,1,1,1,1,1,1,4,4,5
"NFAMS",43418930,43418930,0,0,0,0,1.0835,0.4153,9.7621,1,30,1,1,1,1,1,1,1,1,1,3,5,10
"NCOUPLES",43418930,43418930,0,0,12966166,0.2986,0.7166,0.4849,-0.4891,0,6,0,0,1,1,1,1,1,1,1,2,2,3
"PERNUM",43418930,43418930,0,0,0,0,2.1356,1.3582,1.6925,1,54,1,1,1,1,2,2,2,3,4,7,10,13
"PERWT",43418930,43418930,0,0,4564,1e-04,75.2928,74.4129,2.9198,0,2471,14,20,27,41,60,73,88,108,157,357,609,996
"FAMUNIT",43418930,43418930,0,0,0,0,1.0312,0.24,13.8846,1,30,1,1,1,1,1,1,1,1,1,2,4,7
"FAMSIZE",43418930,43418930,0,0,0,0,3.1603,1.7319,1.0909,1,31,1,2,2,2,3,3,4,4,5,8,12,16
"SUBFAM",43418930,43418930,0,0,42029726,0.968,0.0329,0.1837,5.7446,0,5,0,0,0,0,0,0,0,0,0,1,1,2
"SFTYPE",43418930,43418930,0,0,42029726,0.968,0.099,0.6076,6.9766,0,8,0,0,0,0,0,0,0,0,0,4,6,8
"SFRELATE",43418930,43418930,0,0,42031158,0.968,0.0663,0.4003,6.5237,0,3,0,0,0,0,0,0,0,0,0,3,3,3
"CBSUBFAM",43418930,43418930,0,0,42188081,0.9717,0.0289,0.1713,6.0142,0,4,0,0,0,0,0,0,0,0,0,1,1,2
"CBSFTYPE",43418930,43418930,0,0,42188081,0.9717,0.0849,0.5359,6.6083,0,4,0,0,0,0,0,0,0,0,0,4,4,4
"MOMLOC",43418930,43418930,0,0,30666422,0.7063,0.5201,0.9507,2.5418,0,30,0,0,0,0,0,0,0,1,2,4,7,11
"MOMRULE",43418930,43418930,0,0,30666422,0.7063,3.4655,5.7019,1.5611,0,37,0,0,0,0,0,0,0,11,11,24,34,37
"POPLOC",43418930,43418930,0,0,33211478,0.7649,0.3395,0.7731,4.0647,0,21,0,0,0,0,0,0,0,1,1,3,7,10
"POPRULE",43418930,43418930,0,0,33211478,0.7649,2.7082,5.0836,1.7643,0,38,0,0,0,0,0,0,0,11,11,11,32,36
"SPLOC",43418930,43418930,0,0,23700742,0.5459,0.7209,0.9381,1.6436,0,24,0,0,0,0,0,1,1,2,2,3,7,10
"SPRULE",43418930,43418930,0,0,23700742,0.5459,5.4412,6.3793,0.8179,0,53,0,0,0,0,0,11,11,11,11,21,41,51
"NCHILD",43418930,43418930,0,0,30772595,0.7087,0.5301,0.9801,2.1469,0,9,0,0,0,0,0,0,0,1,2,4,6,9
"RELATE",43418930,43418930,0,0,0,0,2.9553,3.0234,2.1624,1,13,1,1,1,2,2,3,3,3,9,13,13,13
"RELATED",43418930,43418930,0,0,0,0,298.7358,308.7826,2.1911,101,1301,101,101,101,201,201,301,301,301,901,1301,1301,1301
"SEX",43418930,43418930,0,0,0,0,1.5135,0.4998,-0.054,1,2,1,1,1,1,2,2,2,2,2,2,2,2
"AGE",43418930,43418930,0,0,509592,0.0117,38.6347,23.1951,0.1753,0,96,8,15,22,31,39,46,53,60,70,88,94,95
"MARST",43418930,43418930,0,0,0,0,3.5855,2.3157,-0.1023,1,6,1,1,1,1,4,6,6,6,6,6,6,6
"BIRTHYR",43418930,43418930,0,0,0,0,1967.9058,23.3699,-0.1533,1907,2014,1936,1947,1954,1961,1968,1975,1984,1991,1999,2010,2013,2014
"RACE",43418930,43418930,0,0,0,0,1.7429,1.7949,2.5243,1,9,1,1,1,1,1,1,1,2,4,8,9,9
"RACED",43418930,43418930,0,0,0,0,175.7992,183.1025,2.516,100,991,100,100,100,100,100,100,100,200,400,822,903,974
"HISPAN",43418930,43418930,0,0,37866490,0.8721,0.2404,0.7742,3.882,0,4,0,0,0,0,0,0,0,0,1,4,4,4
"HISPAND",43418930,43418930,0,0,37866490,0.8721,25.5736,85.2071,4.1384,0,498,0,0,0,0,0,0,0,0,100,498,498,498
"BPL",43418930,43418930,0,0,0,0,67.1894,116.579,3.0863,1,950,6,17,21,27,36,39,42,48,200,521,600,710
"BPLD",43418930,43418930,0,0,0,0,6720.0324,11660.5658,3.086,100,95000,600,1700,2100,2700,3600,3900,4200,4800,20000,52100,60099,71042
"LANGUAGE",43418930,43418930,0,0,2635733,0.0607,4.1518,9.9033,4.2401,0,96,1,1,1,1,1,1,1,1,12,54,75,96
"LANGUAGED",43418930,43418930,0,0,2635733,0.0607,415.4814,991.2058,4.24,0,9601,100,100,100,100,100,100,100,100,1200,5400,7500,9601
"SCHOOL",43418930,43418930,0,0,1553545,0.0358,1.2212,0.4938,0.4032,0,2,1,1,1,1,1,1,1,2,2,2,2,2
"EDUC",43418930,43418930,0,0,3189361,0.0735,5.6582,3.2299,-0.1574,0,11,1,2,4,6,6,6,7,8,10,11,11,11
"EDUCD",43418930,43418930,0,0,0,0,58.6247,32.4284,-0.1443,1,116,10,24,40,62,63,65,71,81,101,115,116,116
"EMPSTAT",43418930,43418930,0,0,9040411,0.2082,1.4282,1.1238,0.375,0,3,0,0,1,1,1,1,3,3,3,3,3,3
"EMPSTATD",43418930,43418930,0,0,9040411,0.2082,14.3168,11.2292,0.3673,0,30,0,0,10,10,10,10,30,30,30,30,30,30
"LABFORCE",43418930,43418930,0,0,9040411,0.2082,1.2827,0.7869,-0.5441,0,2,0,0,1,1,1,2,2,2,2,2,2,2
"OCC",43418930,43418930,0,0,17704319,0.4078,1872.1492,2674.0644,1.3374,0,9920,0,0,0,0,402,701,2340,4610,5850,9620,9920,9920
"IND",43418930,43418930,0,0,17704319,0.4078,2658.6124,3457.047,0.8402,0,9920,0,0,0,0,637,859,4870,7380,8190,9570,9920,9920
"INCTOT",43418930,43418930,0,0,4355729,0.1003,1968104.9938,3943743.2259,1.5453,-20000,9999999,0,6100,12000,19560,28100,40000,60000,305000,9999999,9999999,9999999,9999999
"FTOTINC",43418930,43418930,0,0,465985,0.0107,399954.1255,1774665.3816,5.2153,-39996,9999999,14000,24400,34300,44700,55704,69000,85300,110000,166500,9999999,9999999,9999999
"treat_year",43418930,8009201,35409729,0.8155,0,0,2006.46,1.408,0.0915,2005,2008,2005,2005,2005,2005,2006,2008,2008,2008,2008,2008,2008,2008
"HHTYPE_1",43418930,39564595,3854335,0.0888,0,0,1.887,1.5649,1.7167,1,7,1,1,1,1,1,1,2,3,4,7,7,7
"REGION_1",43418930,43418930,0,0,0,0,27.681,10.256,-0.1981,11,42,12,21,21,22,31,31,33,41,42,42,42,42
"STATEFIP_1",43418930,43418930,0,0,0,0,27.9945,15.8248,-0.0348,1,55,6,12,17,23,28,36,39,45,48,55,55,55
"COUNTYFIP_1",43418930,24895275,18523655,0.4266,0,0,77.6408,93.8035,3.9992,1,810,9,19,31,37,59,73,89,109,153,510,810,810
"MET2013_1",43418930,31646085,11772845,0.2711,0,0,30862.6527,10845.6207,-0.3017,10420,49740,14460,17900,24860,30780,33100,35620,38060,41060,44060,49340,49700,49740
"MET2013ERR_1",43418930,31646085,11772845,0.2711,0,0,2.7192,1.726,0.5061,1,6,1,1,1,2,2,3,4,5,5,6,6,6
"RELATED_1",43418930,43418930,0,0,0,0,298.7358,308.7826,2.1911,101,1301,101,101,101,201,201,301,301,301,901,1301,1301,1301
"SEX_1",43418930,43418930,0,0,0,0,1.5135,0.4998,-0.054,1,2,1,1,1,1,2,2,2,2,2,2,2,2
"AGE_1",43418930,43418930,0,0,509592,0.0117,38.6347,23.1951,0.1753,0,96,8,15,22,31,39,46,53,60,70,88,94,95
"MARST_1",43418930,43418930,0,0,0,0,3.5855,2.3157,-0.1023,1,6,1,1,1,1,4,6,6,6,6,6,6,6
"BIRTHYR_1",43418930,43418930,0,0,0,0,1967.9058,23.3699,-0.1533,1907,2014,1936,1947,1954,1961,1968,1975,1984,1991,1999,2010,2013,2014
"RACED_1",43418930,43418930,0,0,0,0,175.7992,183.1025,2.516,100,991,100,100,100,100,100,100,100,200,400,822,903,974
"HISPAN_1",43418930,43418930,0,0,37866490,0.8721,0.2404,0.7742,3.882,0,4,0,0,0,0,0,0,0,0,1,4,4,4
"HISPAND_1",43418930,43418930,0,0,37866490,0.8721,25.5736,85.2071,4.1384,0,498,0,0,0,0,0,0,0,0,100,498,498,498
"BPL_1",43418930,43418930,0,0,0,0,67.1894,116.579,3.0863,1,950,6,17,21,27,36,39,42,48,200,521,600,710
"BPLD_1",43418930,38179479,5239451,0.1207,0,0,2896.1021,1518.8915,-0.1232,100,5600,600,1300,1800,2500,2900,3600,3900,4200,4800,5500,5500,5600
"LANGUAGE_1",43418930,43404092,14838,3e-04,2635733,0.0607,4.1204,9.7582,4.1581,0,94,1,1,1,1,1,1,1,1,12,54,75,94
"LANGUAGED_1",43418930,43418930,0,0,2635733,0.0607,415.4814,991.2058,4.24,0,9601,100,100,100,100,100,100,100,100,1200,5400,7500,9601
"EDUC_1",43418930,40229569,3189361,0.0735,0,0,6.1067,2.9189,-0.1174,1,11,2,3,6,6,6,6,7,10,10,11,11,11
"EDUCD_1",43418930,41865385,1553545,0.0358,0,0,60.763,31.0295,-0.1402,2,116,14,25,50,62,63,65,71,81,101,115,116,116
"EMPSTAT_1",43418930,34378519,9040411,0.2082,0,0,1.8038,0.9579,0.3998,1,3,1,1,1,1,1,2,3,3,3,3,3,3
"EMPSTATD_1",43418930,34378519,9040411,0.2082,0,0,18.0816,9.5487,0.3967,10,30,10,10,10,10,10,20,30,30,30,30,30,30
"LABFORCE_1",43418930,34378519,9040411,0.2082,0,0,1.6201,0.4854,-0.4947,1,2,1,1,1,2,2,2,2,2,2,2,2,2
"OCC_1",43418930,25714611,17704319,0.4078,0,0,3161.1101,2828.2897,0.6464,1,9920,231,434,605,962,2540,4050,4720,5620,7340,9640,9920,9920
"IND_1",43418930,25714611,17704319,0.4078,0,0,4489.0473,3458.6933,-0.0065,17,9920,449,739,819,1990,4970,6870,7690,8180,8680,9670,9920,9920
"INCTOT_1",43418930,30629533,12789397,0.2946,0,0,36446.5692,48681.9015,5.0781,-20000,1471000,4500,8500,12800,18000,24000,30000,40000,51000,75000,264350,499000,735000
"FTOTINC_1",43418930,41520602,1898328,0.0437,0,0,73268.4852,74985.1892,3.7309,-39996,3537500,14800,24600,34000,44000,54500,66600,81700,103000,143000,396000,682700,1020500
"treated",43418930,43418930,0,0,35409729,0.8155,0.1845,0.3879,1.6271,0,1,0,0,0,0,0,0,0,0,1,1,1,1
"school_years",43418930,41865385,1553545,0.0358,4125543,0.0985,11.1974,5.2011,-0.6557,0,24,1,7,11,12,12,12,13,14,16,20,24,24
"oil_and_gas_industry",43418930,43418930,0,0,43297870,0.9972,0.0028,0.0527,18.8589,0,1,0,0,0,0,0,0,0,0,0,0,1,1
"treat_year_CSDID",43418930,43418930,0,0,0,0,2816.7283,385.3565,-1.6271,2005,3000,2006,3000,3000,3000,3000,3000,3000,3000,3000,3000,3000,3000
"log_INCTOT",43418930,39027028,4391902,0.1012,3985,1e-04,11.2452,2.7903,0.7496,0,16.1180955509583,8.6827,9.2965,9.741,10.1137,10.4282,10.7579,11.1941,16.1181,16.1181,16.1181,16.1181,16.1181
"log_FTOTINC",43418930,42935463,483467,0.0111,1124,0,10.9797,1.3536,1.2694,0,16.1180955509583,9.6158,10.1266,10.4631,10.7145,10.9384,11.1548,11.3621,11.6155,12.0317,16.1181,16.1181,16.1181
"college",43418930,43418930,0,0,15612334,0.3596,0.6404,0.4799,-0.5853,0,1,0,0,0,1,1,1,1,1,1,1,1,1
"W",43418930,43418930,0,0,38712270,0.8916,0.1084,0.3109,2.5192,0,1,0,0,0,0,0,0,0,0,1,1,1,1
